MS_SubClass,MS_Zoning,Lot_Frontage,Lot_Area,Street,Alley,Lot_Shape,Land_Contour,Utilities,Lot_Config,Land_Slope,Neighborhood,Condition_1,Condition_2,Bldg_Type,House_Style,Overall_Cond,Year_Built,Year_Remod_Add,Roof_Style,Roof_Matl,Exterior_1st,Exterior_2nd,Mas_Vnr_Type,Mas_Vnr_Area,Exter_Cond,Foundation,Bsmt_Cond,Bsmt_Exposure,BsmtFin_Type_1,BsmtFin_SF_1,BsmtFin_Type_2,BsmtFin_SF_2,Bsmt_Unf_SF,Total_Bsmt_SF,Heating,Heating_QC,Central_Air,Electrical,First_Flr_SF,Second_Flr_SF,Gr_Liv_Area,Bsmt_Full_Bath,Bsmt_Half_Bath,Full_Bath,Half_Bath,Bedroom_AbvGr,Kitchen_AbvGr,TotRms_AbvGrd,Functional,Fireplaces,Garage_Type,Garage_Finish,Garage_Cars,Garage_Area,Garage_Cond,Paved_Drive,Wood_Deck_SF,Open_Porch_SF,Enclosed_Porch,Three_season_porch,Screen_Porch,Pool_Area,Pool_QC,Fence,Misc_Feature,Misc_Val,Mo_Sold,Year_Sold,Sale_Type,Sale_Condition,Sale_Price,Longitude,Latitude
One_Story_PUD_1946_and_Newer,Residential_Medium_Density,35,3907,Pave,No_Alley_Access,Slightly_Irregular,HLS,AllPub,Inside,Mod,Blueste,Norm,Norm,TwnhsE,One_Story,Above_Average,1989,1989,Gable,CompShg,HdBoard,HdBoard,,0,Typical,CBlock,Typical,Gd,GLQ,3,Unf,0,235,982,GasA,Good,Y,SBrkr,1034,0,1034,1,0,1,0,1,1,4,Typ,1,Attchd,Fin,2,598,Typical,Paved,141,36,0,0,0,0,No_Pool,No_Fence,,0,4,2010,WD ,Normal,172403.23,-93.645701,42.009345
One_Story_PUD_1946_and_Newer,Residential_Medium_Density,35,3907,Pave,No_Alley_Access,Slightly_Irregular,HLS,AllPub,Inside,Mod,Blueste,Norm,Norm,TwnhsE,One_Story,Average,1989,1989,Gable,CompShg,HdBoard,HdBoard,,0,Typical,CBlock,Typical,Av,GLQ,3,Unf,0,1115,1191,GasA,Good,Y,SBrkr,1191,0,1191,0,0,2,0,2,1,5,Typ,1,Attchd,Unf,2,531,Typical,Paved,112,81,0,0,0,0,No_Pool,No_Fence,,0,3,2010,WD ,Normal,168989.48,-93.645729,42.009337
One_Story_1946_and_Newer_All_Styles,Residential_Low_Density,100,15602,Pave,No_Alley_Access,Slightly_Irregular,Lvl,AllPub,Inside,Gtl,Crawford,Norm,Norm,OneFam,One_Story,Very_Good,1959,1997,Gable,CompShg,BrkFace,Wd Sdng,,0,Typical,CBlock,Typical,No,ALQ,1,Unf,0,254,1501,GasA,Typical,Y,SBrkr,1801,0,1801,1,0,2,0,1,1,6,Typ,2,Attchd,Fin,2,484,Typical,Paved,0,54,0,0,161,0,No_Pool,Good_Wood,,0,3,2010,WD ,Normal,270142.38,-93.641677,42.010797
One_and_Half_Story_Finished_All_Ages,Residential_Medium_Density,40,5436,Pave,No_Alley_Access,Regular,Lvl,AllPub,Inside,Gtl,Iowa_DOT_and_Rail_Road,Norm,Norm,OneFam,One_and_Half_Fin,Very_Good,1922,2007,Gable,CompShg,VinylSd,VinylSd,,0,Good,BrkTil,Typical,No,BLQ,2,Unf,0,61,796,GasA,Good,Y,SBrkr,796,358,1154,1,0,1,0,3,1,7,Typ,0,Detchd,Unf,1,240,Typical,Dirt_Gravel,0,96,0,0,0,0,No_Pool,Minimum_Privacy,,0,5,2010,WD ,Normal,124975.484,-93.625291,42.022772
One_Story_1945_and_Older,Residential_Medium_Density,58,8154,Pave,No_Alley_Access,Regular,Lvl,AllPub,Inside,Gtl,Iowa_DOT_and_Rail_Road,Norm,Norm,OneFam,One_Story,Average,1941,1950,Gable,CompShg,Wd Sdng,Wd Sdng,,0,Typical,BrkTil,Typical,No,BLQ,2,Unf,0,0,480,GasA,Typical,Y,SBrkr,540,0,540,0,0,1,0,1,1,4,Typ,0,Detchd,Unf,1,200,Fair,Dirt_Gravel,0,0,0,0,0,0,No_Pool,No_Fence,,0,4,2010,ConLw,Normal,65688.805,-93.629496,42.021414
One_and_Half_Story_Finished_All_Ages,Residential_Medium_Density,50,9140,Pave,No_Alley_Access,Regular,HLS,AllPub,Inside,Gtl,Iowa_DOT_and_Rail_Road,Norm,Norm,OneFam,One_and_Half_Fin,Average,1921,1975,Gable,CompShg,Wd Sdng,Wd Sdng,,0,Typical,BrkTil,Typical,Mn,BLQ,2,Unf,0,321,629,GasA,Fair,Y,SBrkr,727,380,1107,0,0,1,0,2,1,5,Typ,0,Detchd,Unf,1,625,Typical,Paved,0,56,0,0,200,0,No_Pool,Minimum_Privacy,,0,4,2010,COD,Normal,114209.086,-93.626689,42.021474
One_and_Half_Story_Finished_All_Ages,C_all,60,7500,Pave,No_Alley_Access,Regular,Lvl,AllPub,Inside,Gtl,Iowa_DOT_and_Rail_Road,Norm,Norm,OneFam,One_and_Half_Fin,Below_Average,1920,1950,Gable,CompShg,MetalSd,MetalSd,,0,Good,CBlock,Typical,No,Unf,7,Unf,0,698,698,GasA,Typical,Y,FuseA,698,430,1128,0,0,1,0,2,1,6,Typ,0,Detchd,RFn,2,528,Typical,Paved,30,0,164,0,0,0,No_Pool,No_Fence,,0,4,2010,COD,Abnorml,85894.81,-93.615272,42.021456
One_and_Half_Story_Finished_All_Ages,C_all,66,8712,Pave,Paved,Regular,HLS,AllPub,Inside,Mod,Iowa_DOT_and_Rail_Road,Norm,Norm,OneFam,One_and_Half_Fin,Good,1900,1950,Gable,CompShg,MetalSd,MetalSd,,0,Typical,Stone,Typical,Mn,Unf,7,Unf,0,859,859,GasA,Good,Y,SBrkr,859,319,1178,0,0,1,0,2,1,7,Typ,0,Detchd,RFn,1,384,Typical,Dirt_Gravel,68,0,98,0,0,0,No_Pool,No_Fence,,0,1,2010,WD ,Abnorml,88306.08,-93.606593,42.022653
One_Story_1946_and_Newer_All_Styles,C_all,66,8712,Grvl,No_Alley_Access,Regular,Bnk,AllPub,Inside,Mod,Iowa_DOT_and_Rail_Road,Norm,Norm,OneFam,One_Story,Average,1952,1952,Hip,CompShg,Wd Sdng,Wd Sdng,,0,Typical,CBlock,Typical,Av,Unf,7,Unf,0,540,540,GasA,Typical,N,FuseA,1044,0,1044,0,0,1,0,2,1,4,Typ,0,Basment,Unf,2,504,Typical,Dirt_Gravel,0,0,0,0,0,0,No_Pool,No_Fence,Shed,54,6,2010,WD ,Alloca,80249.07,-93.608271,42.021327
One_Story_1945_and_Older,C_all,66,8712,Grvl,No_Alley_Access,Regular,Lvl,AllPub,Corner,Gtl,Iowa_DOT_and_Rail_Road,Norm,Norm,OneFam,One_Story,Good,1896,1950,Hip,CompShg,Wd Sdng,Wd Sdng,,0,Fair,CBlock,Typical,No,Unf,7,Unf,0,756,756,GasA,Good,Y,SBrkr,952,0,952,0,0,1,0,3,1,5,Typ,0,Detchd,RFn,1,330,Typical,Dirt_Gravel,0,0,265,0,0,0,No_Pool,No_Fence,,0,6,2010,WD ,Alloca,87331.73,-93.60775,42.02152
One_Story_PUD_1946_and_Newer,Residential_Medium_Density,44,3811,Pave,No_Alley_Access,Slightly_Irregular,HLS,AllPub,Corner,Mod,Crawford,Artery,Norm,TwnhsE,One_Story,Average,2004,2005,Hip,CompShg,CemntBd,CmentBd,Stone,186,Typical,PConc,Typical,Gd,GLQ,3,Unf,0,221,1594,GasA,Excellent,Y,SBrkr,1646,0,1646,1,1,2,0,2,1,5,Typ,1,Attchd,Fin,2,525,Typical,Paved,128,53,0,0,155,0,No_Pool,No_Fence,,0,5,2010,WD ,Normal,259731.67,-93.615993,42.008687
Two_Story_1946_and_Newer,Residential_Low_Density,85,11050,Pave,No_Alley_Access,Regular,Lvl,AllPub,Inside,Gtl,Mitchell,Norm,Norm,OneFam,Two_Story,Average,1998,1999,Gable,CompShg,VinylSd,VinylSd,,0,Typical,PConc,Typical,No,GLQ,3,Unf,0,434,1049,GasA,Excellent,Y,SBrkr,1036,880,1916,1,0,2,1,3,1,8,Typ,1,Attchd,Unf,3,741,Typical,Paved,0,70,0,0,0,0,No_Pool,No_Fence,,0,5,2010,WD ,Normal,228755.86,-93.604947,41.99706
Split_or_Multilevel,Residential_Low_Density,74,9620,Pave,No_Alley_Access,Regular,Lvl,AllPub,Inside,Gtl,Mitchell,Norm,Norm,OneFam,SLvl,Good,1977,1977,Gable,CompShg,Plywood,Plywood,,0,Typical,CBlock,Typical,No,ALQ,1,Unf,0,564,1243,GasA,Typical,Y,SBrkr,1285,0,1285,0,1,2,0,3,1,6,Typ,1,Attchd,Unf,2,473,Typical,Paved,375,26,0,0,0,0,No_Pool,Good_Privacy,Shed,80,5,2010,WD ,Normal,166589.27,-93.602823,41.997052
One_Story_1946_and_Newer_All_Styles,Residential_Low_Density,129,9196,Pave,No_Alley_Access,Slightly_Irregular,Lvl,AllPub,Inside,Gtl,Mitchell,Norm,Norm,OneFam,One_Story,Average,2003,2003,Gable,CompShg,VinylSd,VinylSd,,0,Typical,PConc,Typical,No,Unf,7,Unf,0,1560,1560,GasA,Excellent,Y,SBrkr,1560,0,1560,0,0,2,0,3,1,7,Typ,0,Attchd,Fin,2,573,Typical,Paved,100,150,0,0,0,0,No_Pool,No_Fence,,0,4,2010,WD ,Normal,201372.44,-93.603972,41.996065
Split_or_Multilevel,Residential_Low_Density,0,12328,Pave,No_Alley_Access,Slightly_Irregular,Lvl,AllPub,Inside,Gtl,Mitchell,Norm,Norm,OneFam,SLvl,Average,1976,1976,Gable,CompShg,HdBoard,HdBoard,BrkFace,335,Typical,CBlock,Typical,Av,GLQ,3,Unf,0,473,1012,GasA,Typical,Y,SBrkr,1034,0,1034,1,0,1,0,3,1,6,Typ,0,Attchd,Unf,3,888,Typical,Paved,0,0,0,0,0,0,No_Pool,No_Fence,,0,5,2010,WD ,Normal,144890.08,-93.600797,41.994784
Duplex_All_Styles_and_Ages,Residential_Low_Density,0,12760,Pave,No_Alley_Access,Slightly_Irregular,Lvl,AllPub,Inside,Gtl,Mitchell,Norm,Norm,Duplex,One_Story,Average,1976,1976,Gable,CompShg,Plywood,Plywood,,0,Typical,CBlock,Typical,No,Unf,7,Unf,0,1958,1958,GasA,Typical,Y,SBrkr,2048,0,2048,0,0,3,0,5,2,9,Typ,0,More_Than_Two_Types,Unf,2,776,Typical,Paved,0,0,0,0,0,0,No_Pool,No_Fence,,0,3,2010,ConLD,Normal,149117.78,-93.602002,41.994013
One_Story_1946_and_Newer_All_Styles,Residential_Low_Density,0,57200,Pave,No_Alley_Access,Slightly_Irregular,Bnk,AllPub,Inside,Sev,Timberland,Norm,Norm,OneFam,One_Story,Average,1948,1950,Gable,CompShg,Wd Sdng,Wd Sdng,,0,Typical,CBlock,Typical,Av,BLQ,2,Rec,334,60,747,GasA,Typical,Y,SBrkr,1687,0,1687,1,0,1,0,3,1,7,Min1,2,Detchd,Unf,2,572,Typical,Dirt_Gravel,0,0,50,0,0,0,No_Pool,No_Fence,,0,6,2010,WD ,Normal,161810.5,-93.657894,41.997741
One_Story_1946_and_Newer_All_Styles,Residential_Low_Density,88,11896,Pave,No_Alley_Access,Slightly_Irregular,Lvl,AllPub,Corner,Gtl,Timberland,Norm,Norm,OneFam,One_Story,Average,2008,2008,Gable,CompShg,VinylSd,VinylSd,Stone,60,Typical,PConc,Typical,No,GLQ,3,Unf,0,1258,1336,GasA,Excellent,Y,SBrkr,1346,0,1346,1,0,2,0,3,1,6,Typ,1,Attchd,Fin,3,660,Typical,Paved,100,48,0,0,0,0,No_Pool,No_Fence,,0,5,2010,WD ,Normal,223882.48,-93.649203,41.995346
One_Story_1946_and_Newer_All_Styles,Residential_Low_Density,73,9803,Pave,No_Alley_Access,Regular,Lvl,AllPub,Inside,Gtl,Timberland,Norm,Norm,OneFam,One_Story,Average,2009,2010,Gable,CompShg,VinylSd,VinylSd,,0,Typical,PConc,Typical,No,Unf,7,Unf,0,1214,1214,GasA,Excellent,Y,SBrkr,1214,0,1214,0,0,2,0,2,1,6,Typ,0,Attchd,RFn,2,520,Typical,Paved,0,25,0,0,0,0,No_Pool,No_Fence,,0,1,2010,New,Partial,187469.62,-93.649201,41.995278
Two_Story_1946_and_Newer,Residential_Low_Density,73,9802,Pave,No_Alley_Access,Regular,Lvl,AllPub,Inside,Gtl,Timberland,Norm,Norm,OneFam,Two_Story,Average,2006,2007,Gable,CompShg,VinylSd,VinylSd,,0,Typical,PConc,Typical,No,Unf,7,Unf,0,384,384,GasA,Good,Y,SBrkr,744,700,1444,0,0,2,1,3,1,7,Typ,0,BuiltIn,Fin,2,400,Typical,Paved,100,0,0,0,0,0,No_Pool,No_Fence,,0,4,2010,WD ,Normal,170340.06,-93.649096,41.994284
Two_Story_1946_and_Newer,Residential_Low_Density,92,12003,Pave,No_Alley_Access,Regular,Lvl,AllPub,Corner,Gtl,Timberland,Norm,Norm,OneFam,Two_Story,Average,2009,2010,Gable,CompShg,VinylSd,VinylSd,BrkFace,84,Typical,PConc,Typical,No,Unf,7,Unf,0,774,774,GasA,Excellent,Y,SBrkr,774,1194,1968,0,0,2,1,4,1,8,Typ,1,BuiltIn,Fin,3,680,Typical,Paved,0,75,0,0,0,0,No_Pool,No_Fence,,0,5,2010,New,Partial,259946.52,-93.649471,41.99353
Two_Story_1946_and_Newer,Residential_Low_Density,80,11316,Pave,No_Alley_Access,Regular,Lvl,AllPub,Corner,Gtl,Timberland,Norm,Norm,OneFam,Two_Story,Average,2002,2003,Gable,CompShg,VinylSd,VinylSd,BrkFace,44,Typical,PConc,Typical,No,GLQ,3,Unf,0,193,817,GasA,Excellent,Y,SBrkr,824,1070,1894,1,0,2,1,4,1,8,Typ,1,BuiltIn,Fin,2,510,Typical,Paved,0,40,0,0,0,0,No_Pool,No_Fence,,0,2,2010,WD ,Normal,219761.25,-93.647645,41.995489
Two_Story_1946_and_Newer,Residential_Low_Density,85,14191,Pave,No_Alley_Access,Regular,Lvl,AllPub,Inside,Gtl,Timberland,Norm,Norm,OneFam,Two_Story,Average,2002,2002,Gable,CompShg,VinylSd,VinylSd,,0,Typical,PConc,Typical,No,Unf,7,Unf,0,967,967,GasA,Excellent,Y,SBrkr,993,915,1908,0,0,2,1,4,1,9,Typ,0,Attchd,Fin,2,431,Typical,Paved,135,0,0,0,0,0,No_Pool,No_Fence,,0,4,2010,WD ,Normal,199666.1,-93.646814,41.99435
One_Story_1946_and_Newer_All_Styles,Residential_Low_Density,89,13214,Pave,No_Alley_Access,Slightly_Irregular,HLS,AllPub,Inside,Gtl,Timberland,Norm,Norm,OneFam,One_Story,Average,2008,2009,Hip,CompShg,Stucco,CmentBd,,0,Typical,PConc,Typical,Gd,Unf,7,Unf,0,2002,2002,GasA,Excellent,Y,SBrkr,2018,0,2018,0,0,2,0,3,1,10,Typ,1,Attchd,Fin,3,746,Typical,Paved,144,76,0,0,0,0,No_Pool,No_Fence,,0,5,2010,WD ,Normal,338867.03,-93.652495,41.992989
One_Story_1946_and_Newer_All_Styles,Residential_Low_Density,85,15300,Pave,No_Alley_Access,Regular,Bnk,AllPub,Inside,Gtl,Mitchell,Norm,Norm,OneFam,One_Story,Average,1965,1977,Hip,CompShg,Plywood,HdBoard,,0,Typical,CBlock,Typical,No,Rec,6,Unf,0,1026,1068,GasA,Typical,Y,SBrkr,1264,0,1264,1,0,1,0,2,1,7,Typ,1,Attchd,Unf,2,528,Typical,Paved,0,0,0,0,0,0,No_Pool,No_Fence,,0,6,2010,WD ,Normal,141543.53,-93.60743,41.99321
One_Story_1946_and_Newer_All_Styles,Residential_Low_Density,93,10114,Pave,No_Alley_Access,Regular,Lvl,AllPub,Inside,Gtl,Mitchell,Norm,Norm,OneFam,One_Story,Average,2004,2005,Gable,CompShg,VinylSd,VinylSd,,0,Typical,PConc,Typical,Av,Unf,7,Unf,0,1430,1430,GasA,Excellent,Y,SBrkr,1430,0,1430,0,0,2,0,3,1,7,Typ,0,Attchd,RFn,2,624,Typical,Paved,0,0,0,0,0,0,No_Pool,No_Fence,,0,3,2010,WD ,Normal,186663.25,-93.608372,41.990934
Duplex_All_Styles_and_Ages,Residential_Low_Density,94,9400,Pave,No_Alley_Access,Regular,Low,AllPub,Corner,Gtl,Mitchell,Norm,Norm,Duplex,Two_Story,Average,1971,1971,Mansard,CompShg,MetalSd,Wd Shng,,0,Typical,CBlock,Typical,Av,Unf,7,Unf,0,912,912,GasA,Typical,Y,SBrkr,912,912,1824,0,0,2,2,4,2,8,Typ,0,No_Garage,No_Garage,0,0,No_Garage,Paved,128,0,0,0,0,0,No_Pool,No_Fence,,0,4,2010,WD ,Normal,144899.75,-93.607622,41.993253
One_Story_1946_and_Newer_All_Styles,Residential_Low_Density,0,11875,Pave,No_Alley_Access,Regular,Lvl,AllPub,Inside,Gtl,Mitchell,Norm,Norm,OneFam,One_Story,Average,1999,1999,Gable,CompShg,VinylSd,VinylSd,,0,Typical,PConc,Typical,No,Unf,7,Unf,0,1344,1344,GasA,Excellent,Y,SBrkr,1344,0,1344,0,0,2,0,3,1,7,Typ,1,Attchd,Unf,2,686,Typical,Paved,328,0,0,0,0,0,No_Pool,No_Fence,,0,6,2010,WD ,Normal,185988.38,-93.608223,41.991004
Two_Story_PUD_1946_and_Newer,Residential_Medium_Density,0,1974,Pave,No_Alley_Access,Regular,Lvl,AllPub,Inside,Gtl,Meadow_Village,Norm,Norm,TwnhsE,Two_Story,Average,1973,1973,Gable,CompShg,CemntBd,CmentBd,,0,Typical,CBlock,Typical,No,BLQ,2,Unf,0,212,546,GasA,Typical,Y,SBrkr,546,546,1092,0,0,1,1,3,1,6,Typ,0,Attchd,RFn,1,286,Typical,Paved,120,96,0,0,0,0,No_Pool,No_Fence,,0,5,2010,WD ,Normal,91819.98,-93.60359,41.991861
One_Story_PUD_1946_and_Newer,Residential_Medium_Density,31,2394,Pave,No_Alley_Access,Regular,Low,AllPub,Inside,Mod,Meadow_Village,Norm,Norm,Twnhs,One_Story,Above_Average,1973,1973,Gable,CompShg,CemntBd,CmentBd,,0,Typical,CBlock,Typical,Gd,GLQ,3,Unf,0,30,945,GasA,Excellent,Y,SBrkr,945,0,945,1,1,1,0,2,1,5,Typ,1,Attchd,RFn,1,253,Typical,Paved,174,0,56,0,108,0,No_Pool,No_Fence,,0,5,2010,WD ,Normal,126412.01,-93.604318,41.991758
Two_Story_PUD_1946_and_Newer,Residential_Medium_Density,36,2592,Pave,No_Alley_Access,Regular,Lvl,AllPub,Inside,Gtl,Meadow_Village,Norm,Norm,TwnhsE,Two_Story,Fair,1976,1976,Gable,CompShg,CemntBd,CmentBd,,0,Typical,CBlock,Typical,No,Rec,6,BLQ,232,175,536,GasA,Typical,Y,SBrkr,536,576,1112,0,0,1,1,3,1,4,Typ,0,Attchd,Unf,1,336,Typical,Paved,182,0,0,0,0,0,No_Pool,No_Fence,,0,4,2010,WD ,Normal,86575.44,-93.604425,41.991876
Two_Story_PUD_1946_and_Newer,Residential_Medium_Density,21,1476,Pave,No_Alley_Access,Regular,Lvl,AllPub,Inside,Gtl,Meadow_Village,Norm,Norm,Twnhs,Two_Story,Good,1970,1970,Gable,CompShg,CemntBd,CmentBd,,0,Typical,CBlock,Typical,No,GLQ,3,Unf,0,370,546,GasA,Excellent,Y,SBrkr,546,546,1092,0,0,1,1,3,1,5,Typ,0,No_Garage,No_Garage,0,0,No_Garage,Paved,200,26,0,0,0,0,No_Pool,No_Fence,,0,3,2010,WD ,Normal,95329.05,-93.603435,41.992212
PUD_Multilevel_Split_Level_Foyer,Residential_Medium_Density,21,1491,Pave,No_Alley_Access,Regular,Lvl,AllPub,Inside,Gtl,Meadow_Village,Norm,Norm,TwnhsE,SFoyer,Above_Average,1972,1972,Gable,CompShg,CemntBd,CmentBd,,0,Typical,CBlock,Typical,Av,LwQ,4,GLQ,480,0,630,GasA,Excellent,Y,SBrkr,630,0,630,1,0,1,0,1,1,3,Typ,0,No_Garage,No_Garage,0,0,No_Garage,Paved,96,24,0,0,0,0,No_Pool,No_Fence,,0,5,2010,WD ,Normal,82429.57,-93.60359,41.992119
Two_Story_PUD_1946_and_Newer,Residential_Medium_Density,21,1900,Pave,No_Alley_Access,Regular,Lvl,AllPub,Inside,Gtl,Meadow_Village,Norm,Norm,TwnhsE,Two_Story,Below_Average,1970,1970,Gable,CompShg,CemntBd,CmentBd,,0,Typical,CBlock,Typical,No,Unf,7,Unf,0,546,546,GasA,Excellent,Y,SBrkr,546,546,1092,0,0,1,1,3,1,5,Typ,0,No_Garage,No_Garage,0,0,No_Garage,Paved,0,0,0,0,0,0,No_Pool,No_Fence,,0,6,2010,WD ,Normal,77165.25,-93.601806,41.9917
Two_Story_PUD_1946_and_Newer,Residential_Medium_Density,21,1890,Pave,No_Alley_Access,Regular,Lvl,AllPub,Inside,Gtl,Meadow_Village,Norm,Norm,TwnhsE,Two_Story,Above_Average,1972,1972,Gable,CompShg,CemntBd,CmentBd,,0,Typical,CBlock,Typical,No,Rec,6,Unf,0,252,546,GasA,Typical,Y,SBrkr,546,546,1092,0,0,1,1,3,1,5,Typ,0,Attchd,Unf,1,286,Typical,Paved,0,0,64,0,0,0,No_Pool,No_Fence,,0,6,2010,WD ,Normal,89302.46,-93.603398,41.991824
One_Story_1946_and_Newer_All_Styles,Residential_Low_Density,50,6953,Pave,No_Alley_Access,Regular,Lvl,AllPub,Inside,Gtl,Mitchell,Norm,Norm,OneFam,One_Story,Good,1971,2004,Gable,CompShg,VinylSd,VinylSd,,0,Good,CBlock,Typical,No,ALQ,1,Unf,0,395,864,GasA,Excellent,Y,SBrkr,874,0,874,0,0,1,0,3,1,5,Typ,0,Detchd,Unf,1,352,Typical,Paved,0,0,0,0,0,0,No_Pool,No_Fence,,0,6,2010,ConLD,Normal,125278.46,-93.601449,41.991558
One_Story_1946_and_Newer_All_Styles,Residential_Low_Density,0,26142,Pave,No_Alley_Access,Slightly_Irregular,Lvl,AllPub,CulDSac,Gtl,Mitchell,Norm,Norm,OneFam,One_Story,Good,1962,1962,Gable,CompShg,HdBoard,HdBoard,BrkFace,189,Typical,CBlock,Typical,No,Rec,6,Unf,0,595,1188,GasA,Typical,Y,SBrkr,1188,0,1188,0,0,1,0,3,1,6,Typ,0,Attchd,Unf,1,312,Typical,Partial_Pavement,261,39,0,0,0,0,No_Pool,No_Fence,,0,4,2010,WD ,Normal,130363.484,-93.606856,41.988729
One_Story_1946_and_Newer_All_Styles,Residential_Low_Density,76,12887,Pave,No_Alley_Access,Regular,Lvl,AllPub,Inside,Gtl,Mitchell,Norm,Norm,OneFam,One_Story,Good,1984,1984,Gable,CompShg,VinylSd,VinylSd,,0,Typical,CBlock,Typical,Mn,Rec,6,GLQ,590,36,833,GasA,Typical,Y,SBrkr,833,0,833,1,0,1,0,2,1,5,Typ,0,Attchd,Unf,2,495,Typical,Paved,431,0,0,0,0,0,No_Pool,Minimum_Privacy,,0,4,2010,WD ,Normal,136593.62,-93.6035354,41.9889358
Duplex_All_Styles_and_Ages,Residential_Low_Density,70,7700,Pave,No_Alley_Access,Regular,Lvl,AllPub,Inside,Gtl,Mitchell,Norm,Norm,Duplex,Two_Story,Poor,1985,1986,Gable,CompShg,HdBoard,HdBoard,,0,Poor,PConc,Typical,No,Unf,7,Unf,0,1216,1216,GasA,Good,Y,SBrkr,1216,1216,2432,0,0,4,2,4,2,10,Typ,0,Attchd,Unf,2,616,Fair,Paved,200,0,0,0,0,0,No_Pool,No_Fence,Shed,600,2,2010,WD ,Normal,190377.55,-93.6030339,41.98766
Two_Story_1946_and_Newer,Residential_Low_Density,63,10475,Pave,No_Alley_Access,Regular,Lvl,AllPub,Inside,Gtl,Mitchell,Norm,Norm,OneFam,Two_Story,Average,1991,1991,Gable,CompShg,HdBoard,HdBoard,,0,Typical,PConc,Typical,No,Rec,6,Unf,0,166,624,GasA,Good,Y,SBrkr,624,650,1274,0,0,1,1,3,1,6,Typ,0,Detchd,Unf,2,576,Typical,Paved,22,0,0,0,0,0,No_Pool,Good_Wood,,0,3,2010,WD ,Normal,137020.66,-93.600582,41.986647
One_and_Half_Story_Finished_All_Ages,Residential_Low_Density,68,10544,Pave,No_Alley_Access,Slightly_Irregular,Lvl,AllPub,Inside,Mod,Mitchell,Norm,Norm,OneFam,One_and_Half_Fin,Average,1969,1969,Gable,CompShg,HdBoard,HdBoard,,0,Typical,CBlock,Typical,Av,BLQ,2,Unf,0,388,864,GasA,Typical,Y,SBrkr,864,615,1479,0,0,2,0,5,1,8,Typ,0,Attchd,Fin,1,275,Typical,Paved,287,0,280,0,0,0,No_Pool,No_Fence,,0,4,2010,WD ,Normal,140592.25,-93.599791,41.9913
One_Story_1946_and_Newer_All_Styles,Residential_Low_Density,76,9892,Pave,No_Alley_Access,Regular,Lvl,AllPub,Inside,Mod,Mitchell,Norm,Norm,OneFam,One_Story,Average,1994,1995,Hip,CompShg,VinylSd,VinylSd,,0,Good,PConc,Good,Gd,GLQ,3,LwQ,284,54,1679,GasA,Excellent,Y,SBrkr,1803,0,1803,1,1,2,1,3,1,6,Typ,2,Attchd,Unf,2,482,Typical,Paved,129,64,222,0,0,0,No_Pool,Good_Wood,,0,2,2010,WD ,Normal,257651.67,-93.600006,41.989848
Two_Story_1946_and_Newer,Residential_Low_Density,74,12961,Pave,No_Alley_Access,Regular,Lvl,AllPub,Inside,Gtl,Mitchell,Norm,Norm,OneFam,Two_Story,Average,1993,1994,Gable,CompShg,VinylSd,VinylSd,,0,Good,PConc,Typical,Mn,GLQ,3,Unf,0,208,1152,GasA,Excellent,Y,SBrkr,1152,645,1797,1,0,2,1,3,1,7,Typ,1,Attchd,Fin,2,616,Typical,Paved,162,312,0,0,0,0,No_Pool,No_Fence,,0,3,2010,WD ,Normal,208382.84,-93.600147,41.989185
One_Story_1946_and_Newer_All_Styles,Residential_Low_Density,74,13008,Pave,No_Alley_Access,Slightly_Irregular,Lvl,AllPub,Inside,Gtl,North_Ames,Norm,Norm,OneFam,One_Story,Average,1956,1956,Gable,CompShg,MetalSd,MetalSd,,0,Typical,CBlock,Fair,No,Rec,6,Unf,0,318,882,GasA,Typical,Y,SBrkr,882,0,882,0,0,1,0,2,1,5,Typ,0,Attchd,Unf,1,502,Typical,Paved,0,0,0,0,0,0,No_Pool,No_Fence,,0,10,2009,WD ,Normal,114842.78,-93.6188955,42.0530363
One_Story_1946_and_Newer_All_Styles,Residential_Low_Density,85,10200,Pave,No_Alley_Access,Regular,Lvl,AllPub,Inside,Gtl,North_Ames,Norm,Norm,OneFam,One_Story,Average,1974,1974,Hip,CompShg,Plywood,Plywood,BrkFace,440,Typical,CBlock,Typical,No,LwQ,4,Unf,0,590,1434,GasA,Typical,Y,SBrkr,1434,0,1434,1,0,2,0,4,1,7,Typ,1,Attchd,RFn,2,528,Typical,Paved,80,21,0,0,0,0,No_Pool,No_Fence,,0,6,2009,WD ,Normal,165531.05,-93.619562,42.05139
Split_or_Multilevel,Residential_Low_Density,75,13860,Pave,No_Alley_Access,Regular,Lvl,AllPub,Inside,Gtl,North_Ames,Norm,Norm,OneFam,SLvl,Good,1972,1995,Gable,CompShg,Plywood,Wd Sdng,,0,Typical,CBlock,Typical,Gd,GLQ,3,Unf,0,542,1952,GasA,Good,Y,SBrkr,2000,704,2704,1,0,2,1,4,1,9,Typ,3,Attchd,Fin,2,538,Typical,Paved,269,111,0,0,0,0,No_Pool,Minimum_Privacy,,0,7,2009,WD ,Normal,298308.97,-93.615524,42.049322
Two_Story_1946_and_Newer,Residential_Low_Density,88,10179,Pave,No_Alley_Access,Slightly_Irregular,Lvl,AllPub,Corner,Gtl,Gilbert,Norm,Norm,OneFam,Two_Story,Average,1997,1997,Gable,CompShg,VinylSd,VinylSd,,0,Typical,PConc,Typical,No,ALQ,1,Unf,0,98,945,GasA,Excellent,Y,SBrkr,945,663,1608,0,0,2,1,3,1,7,Typ,1,Attchd,Fin,2,470,Typical,Paved,252,30,0,0,0,0,No_Pool,No_Fence,,0,7,2009,WD ,Normal,188056.97,-93.639388,42.059956
Two_Story_1946_and_Newer,Residential_Low_Density,0,11792,Pave,No_Alley_Access,Slightly_Irregular,Lvl,AllPub,Inside,Gtl,Gilbert,Norm,Norm,OneFam,Two_Story,Average,2003,2003,Gable,CompShg,VinylSd,VinylSd,BrkFace,188,Typical,PConc,Typical,Gd,GLQ,3,Unf,0,158,1008,GasA,Excellent,Y,SBrkr,1008,1275,2283,0,0,2,1,4,1,9,Typ,1,BuiltIn,Fin,3,632,Typical,Paved,120,46,0,0,0,0,No_Pool,No_Fence,,0,8,2009,WD ,Normal,253574.42,-93.639915,42.063294
Split_or_Multilevel,Residential_Low_Density,60,8400,Pave,No_Alley_Access,Regular,Lvl,AllPub,Inside,Gtl,Gilbert,Norm,Norm,OneFam,SLvl,Average,1996,1997,Gable,CompShg,HdBoard,HdBoard,BrkFace,32,Typical,PConc,Typical,No,GLQ,3,Unf,0,100,384,GasA,Good,Y,SBrkr,958,670,1628,0,0,2,1,3,1,7,Typ,1,BuiltIn,Fin,2,390,Typical,Paved,48,72,0,0,0,0,No_Pool,No_Fence,Shed,490,6,2009,WD ,Normal,169645.06,-93.6364,42.060896
One_Story_1946_and_Newer_All_Styles,Residential_Low_Density,42,14892,Pave,No_Alley_Access,Slightly_Irregular,HLS,AllPub,CulDSac,Gtl,Gilbert,Norm,Norm,OneFam,One_Story,Average,2006,2007,Gable,CompShg,VinylSd,VinylSd,Stone,160,Typical,PConc,Typical,Gd,GLQ,3,Unf,0,426,1746,GasA,Excellent,Y,SBrkr,1746,0,1746,1,0,2,0,3,1,7,Typ,2,Attchd,Fin,3,758,Typical,Paved,201,39,0,0,0,0,No_Pool,No_Fence,,0,10,2009,WD ,Normal,324313.6,-93.635838,42.062956
Split_or_Multilevel,Residential_Low_Density,0,8530,Pave,No_Alley_Access,Slightly_Irregular,Lvl,AllPub,Inside,Gtl,Gilbert,Norm,Norm,OneFam,SLvl,Average,1995,1996,Gable,CompShg,HdBoard,HdBoard,BrkFace,22,Typical,PConc,Typical,No,Unf,7,Unf,0,384,384,GasA,Good,Y,SBrkr,804,670,1474,0,0,2,1,3,1,7,Typ,1,BuiltIn,Fin,2,400,Typical,Paved,120,72,0,0,0,0,No_Pool,No_Fence,Shed,700,5,2009,WD ,Normal,161862.36,-93.637442,42.060598
One_Story_PUD_1946_and_Newer,Residential_Low_Density,28,7296,Pave,No_Alley_Access,Slightly_Irregular,Lvl,AllPub,CulDSac,Gtl,Stone_Brook,Norm,Norm,TwnhsE,One_Story,Average,2004,2005,Gable,CompShg,CemntBd,CmentBd,,0,Typical,PConc,Typical,Av,GLQ,3,Unf,0,243,2208,GasA,Excellent,Y,SBrkr,2522,0,2522,1,0,2,0,1,1,8,Typ,1,Attchd,Fin,2,564,Typical,Paved,182,57,0,0,0,0,No_Pool,No_Fence,,0,11,2009,WD ,Normal,365003.12,-93.634265,42.062903
One_Story_PUD_1946_and_Newer,Residential_Low_Density,40,5664,Pave,No_Alley_Access,Slightly_Irregular,Lvl,AllPub,Inside,Gtl,Stone_Brook,Norm,Norm,TwnhsE,One_Story,Average,2000,2000,Gable,CompShg,CemntBd,CmentBd,,0,Typical,PConc,Typical,No,GLQ,3,Unf,0,343,1501,GasA,Excellent,Y,SBrkr,1659,0,1659,1,0,2,0,2,1,5,Typ,1,Attchd,Fin,2,499,Typical,Paved,212,59,0,0,0,0,No_Pool,No_Fence,,0,10,2009,WD ,Normal,255005.23,-93.633739,42.061981
One_Story_PUD_1946_and_Newer,Residential_Low_Density,61,7380,Pave,No_Alley_Access,Slightly_Irregular,Lvl,AllPub,Corner,Gtl,Stone_Brook,Norm,Norm,OneFam,One_Story,Average,1998,1998,Gable,CompShg,CemntBd,CmentBd,,0,Typical,PConc,Typical,Av,GLQ,3,Unf,0,1077,1418,GasA,Excellent,Y,SBrkr,1478,0,1478,1,0,2,0,2,1,5,Typ,0,Attchd,Fin,2,495,Typical,Paved,168,43,0,0,0,0,No_Pool,No_Fence,,0,7,2009,WD ,Normal,220667.03,-93.633547,42.061633
One_Story_PUD_1946_and_Newer,Residential_Low_Density,57,8013,Pave,No_Alley_Access,Slightly_Irregular,Lvl,AllPub,Corner,Gtl,Stone_Brook,Norm,Norm,TwnhsE,One_Story,Average,1995,1996,Gable,CompShg,CemntBd,CmentBd,,0,Typical,PConc,Typical,No,GLQ,3,Unf,0,846,1587,GasA,Excellent,Y,SBrkr,1734,0,1734,1,0,2,0,2,1,6,Typ,0,Attchd,RFn,2,528,Typical,Paved,52,50,0,0,0,0,No_Pool,No_Fence,,0,9,2009,WD ,Normal,236683.9,-93.633024,42.061178
Split_or_Multilevel,Residential_Low_Density,57,8923,Pave,No_Alley_Access,Slightly_Irregular,Lvl,AllPub,Inside,Gtl,Gilbert,Norm,Norm,OneFam,SLvl,Average,1998,1998,Gable,CompShg,VinylSd,VinylSd,,0,Typical,PConc,Typical,No,GLQ,3,Unf,0,195,384,GasA,Good,Y,SBrkr,751,631,1382,0,0,2,1,3,1,7,Typ,1,BuiltIn,Fin,2,396,Typical,Paved,256,0,0,0,0,0,No_Pool,No_Fence,,0,2,2009,WD ,Normal,167142.27,-93.63921,42.059283
Two_Story_1946_and_Newer,Residential_Low_Density,74,10141,Pave,No_Alley_Access,Slightly_Irregular,Lvl,AllPub,Corner,Gtl,Gilbert,Norm,Norm,OneFam,Two_Story,Average,1998,1998,Gable,CompShg,VinylSd,VinylSd,BrkFace,40,Typical,PConc,Typical,No,Unf,7,Unf,0,832,832,GasA,Good,Y,SBrkr,885,833,1718,0,0,2,1,3,1,7,Typ,1,Attchd,Fin,2,427,Typical,Paved,0,94,0,0,291,0,No_Pool,No_Fence,,0,12,2009,WD ,Normal,195344.98,-93.639069,42.059129
Two_Story_1946_and_Newer,Residential_Low_Density,60,7500,Pave,No_Alley_Access,Regular,Lvl,AllPub,Inside,Gtl,Gilbert,Norm,Norm,OneFam,Two_Story,Average,1998,1999,Gable,CompShg,VinylSd,VinylSd,,0,Typical,PConc,Typical,No,GLQ,3,Unf,0,476,952,GasA,Good,Y,SBrkr,952,684,1636,1,0,2,1,3,1,7,Typ,1,Attchd,Fin,2,440,Typical,Paved,0,84,0,0,0,0,No_Pool,No_Fence,,0,10,2009,WD ,Normal,185082.08,-93.639069,42.059161
Two_Story_1946_and_Newer,Residential_Low_Density,59,7837,Pave,No_Alley_Access,Slightly_Irregular,Lvl,AllPub,Inside,Gtl,Gilbert,Norm,Norm,OneFam,Two_Story,Good,1993,1994,Gable,CompShg,VinylSd,VinylSd,,0,Typical,PConc,Typical,No,Unf,7,Unf,0,799,799,GasA,Good,Y,SBrkr,799,772,1571,0,0,2,1,3,1,7,Typ,1,Attchd,RFn,2,380,Typical,Paved,0,40,0,0,0,0,No_Pool,No_Fence,,0,5,2009,WD ,Normal,176615.27,-93.636955,42.058274
Two_Story_1946_and_Newer,Residential_Low_Density,0,9765,Pave,No_Alley_Access,Moderately_Irregular,Lvl,AllPub,Corner,Gtl,Gilbert,Norm,Norm,OneFam,Two_Story,Very_Good,1993,1993,Gable,CompShg,VinylSd,VinylSd,BrkFace,68,Good,PConc,Good,No,ALQ,1,Unf,0,370,680,GasA,Good,Y,SBrkr,680,790,1470,0,0,2,1,3,1,6,Typ,1,BuiltIn,Fin,2,420,Typical,Paved,232,63,0,0,0,0,No_Pool,No_Fence,Shed,480,4,2009,WD ,Normal,175122.55,-93.637046,42.058059
Two_Story_1946_and_Newer,Residential_Low_Density,0,8803,Pave,No_Alley_Access,Slightly_Irregular,Lvl,AllPub,Inside,Gtl,Gilbert,Norm,Norm,OneFam,Two_Story,Average,1994,1995,Gable,CompShg,HdBoard,HdBoard,,0,Typical,PConc,Typical,No,GLQ,3,Unf,0,107,707,GasA,Good,Y,SBrkr,707,809,1516,1,0,2,1,3,1,7,Typ,1,Attchd,Fin,2,409,Typical,Paved,0,46,0,0,0,0,No_Pool,No_Fence,,0,7,2009,WD ,Normal,175891.47,-93.637671,42.059645
One_Story_1946_and_Newer_All_Styles,Residential_Low_Density,58,7250,Pave,No_Alley_Access,Regular,Lvl,AllPub,Inside,Gtl,Gilbert,Norm,Norm,OneFam,One_Story,Average,1993,1993,Gable,CompShg,HdBoard,HdBoard,BrkFace,45,Typical,PConc,Typical,No,Unf,7,Unf,0,1181,1181,GasA,Excellent,Y,SBrkr,1190,0,1190,0,0,2,0,3,1,6,Typ,1,Attchd,Unf,2,430,Typical,Paved,0,21,0,0,0,0,No_Pool,No_Fence,,0,11,2009,WD ,Normal,155510.56,-93.635824,42.058194
Two_Story_1946_and_Newer,Residential_Low_Density,0,9636,Pave,No_Alley_Access,Slightly_Irregular,Lvl,AllPub,Corner,Gtl,Gilbert,Norm,Norm,OneFam,Two_Story,Average,1992,1993,Gable,CompShg,VinylSd,VinylSd,,0,Typical,PConc,Typical,No,Unf,7,Unf,0,808,808,GasA,Good,Y,SBrkr,808,785,1593,0,0,2,1,3,1,7,Typ,1,BuiltIn,RFn,2,389,Typical,Paved,342,40,0,0,0,0,No_Pool,Minimum_Privacy,,0,12,2009,WD ,Normal,174279.17,-93.635753,42.05793
Two_Story_1946_and_Newer,Residential_Low_Density,65,8125,Pave,No_Alley_Access,Regular,Lvl,AllPub,Inside,Gtl,Gilbert,Norm,Norm,OneFam,Two_Story,Average,1994,1995,Gable,CompShg,HdBoard,HdBoard,,0,Typical,PConc,Typical,No,Unf,7,Unf,0,702,702,GasA,Good,Y,SBrkr,702,779,1481,0,0,2,1,3,1,6,Typ,1,Attchd,Fin,2,343,Typical,Paved,0,36,0,0,0,0,No_Pool,No_Fence,,0,3,2009,WD ,Normal,159788.44,-93.636822,42.058173
One_Story_1946_and_Newer_All_Styles,Residential_Low_Density,0,9248,Pave,No_Alley_Access,Slightly_Irregular,Lvl,AllPub,Inside,Gtl,Gilbert,Norm,Norm,OneFam,One_Story,Above_Average,1992,1992,Gable,CompShg,HdBoard,HdBoard,BrkFace,106,Typical,PConc,Typical,No,GLQ,3,Unf,0,598,1158,GasA,Good,Y,SBrkr,1167,0,1167,1,0,2,0,3,1,6,Typ,0,Attchd,RFn,2,400,Typical,Paved,120,26,0,0,0,0,No_Pool,No_Fence,,0,7,2009,WD ,Normal,168491.73,-93.636047,42.057854
Two_Story_1946_and_Newer,Residential_Low_Density,0,10762,Pave,No_Alley_Access,Slightly_Irregular,Lvl,AllPub,CulDSac,Gtl,Gilbert,Norm,Norm,OneFam,Two_Story,Average,1999,1999,Gable,CompShg,VinylSd,VinylSd,,344,Typical,PConc,Typical,No,GLQ,3,Unf,0,284,978,GasA,Excellent,Y,SBrkr,1005,978,1983,0,0,2,1,3,1,9,Typ,1,Attchd,Fin,2,490,Typical,Paved,0,0,0,0,0,0,No_Pool,No_Fence,,0,5,2009,WD ,Normal,217678.3,-93.639325,42.058201
One_Story_1946_and_Newer_All_Styles,Residential_Low_Density,99,11851,Pave,No_Alley_Access,Regular,Lvl,AllPub,Corner,Gtl,Gilbert,Norm,Norm,OneFam,One_Story,Average,1990,1990,Gable,CompShg,HdBoard,HdBoard,,0,Typical,PConc,Typical,No,Unf,7,Unf,0,1424,1424,GasA,Excellent,Y,SBrkr,1442,0,1442,0,0,2,0,3,1,5,Typ,0,Attchd,RFn,2,500,Typical,Paved,0,34,0,508,0,0,No_Pool,No_Fence,,0,5,2009,WD ,Normal,179094.84,-93.634644,42.058747
One_Story_PUD_1946_and_Newer,Residential_Low_Density,0,5814,Pave,No_Alley_Access,Slightly_Irregular,Lvl,AllPub,CulDSac,Gtl,Stone_Brook,Norm,Norm,TwnhsE,One_Story,Average,1984,1984,Gable,CompShg,HdBoard,HdBoard,,0,Typical,CBlock,Typical,Av,GLQ,3,Unf,0,184,1220,GasA,Good,Y,SBrkr,1360,0,1360,1,0,1,0,1,1,4,Typ,1,Attchd,RFn,2,565,Typical,Paved,63,0,0,0,0,0,No_Pool,No_Fence,,0,8,2009,COD,Abnorml,186092.16,-93.633245,42.059242
One_Story_1946_and_Newer_All_Styles,Residential_Low_Density,63,17423,Pave,No_Alley_Access,Slightly_Irregular,Lvl,AllPub,CulDSac,Gtl,Stone_Brook,Norm,Norm,OneFam,One_Story,Average,2008,2009,Hip,CompShg,VinylSd,VinylSd,Stone,748,Typical,PConc,Typical,No,GLQ,3,Unf,0,312,2216,GasA,Excellent,Y,SBrkr,2234,0,2234,1,0,2,0,1,1,9,Typ,1,Attchd,Fin,3,1166,Typical,Paved,0,60,0,0,0,0,No_Pool,No_Fence,,0,7,2009,New,Partial,466452.53,-93.627751,42.060265
One_Story_1946_and_Newer_All_Styles,Residential_Low_Density,80,11844,Pave,No_Alley_Access,Slightly_Irregular,Lvl,AllPub,Inside,Gtl,Stone_Brook,Norm,Norm,OneFam,One_Story,Average,2008,2008,Hip,CompShg,VinylSd,VinylSd,Stone,464,Typical,PConc,Typical,Mn,Unf,7,Unf,0,2046,2046,GasA,Excellent,Y,SBrkr,2046,0,2046,0,0,2,1,3,1,7,Typ,1,Attchd,Fin,3,834,Typical,Paved,322,82,0,0,0,0,No_Pool,No_Fence,,0,7,2009,New,Partial,387012.1,-93.628639,42.059817
One_Story_1946_and_Newer_All_Styles,Residential_Low_Density,124,16158,Pave,No_Alley_Access,Slightly_Irregular,Low,AllPub,Inside,Mod,Stone_Brook,Norm,Norm,OneFam,One_Story,Average,2005,2005,Hip,CompShg,VinylSd,VinylSd,Stone,16,Typical,PConc,Typical,Av,ALQ,1,Unf,0,256,1530,GasA,Excellent,Y,SBrkr,1530,0,1530,1,0,2,0,3,1,7,Typ,1,Attchd,Fin,2,430,Typical,Paved,168,36,0,0,0,0,No_Pool,No_Fence,,0,6,2009,WD ,Normal,256289.11,-93.629357,42.058439
Two_Story_1946_and_Newer,Residential_Low_Density,85,11900,Pave,No_Alley_Access,Regular,Lvl,AllPub,Inside,Gtl,Gilbert,Norm,Norm,OneFam,Two_Story,Above_Average,1977,1977,Gable,CompShg,HdBoard,Wd Sdng,BrkFace,157,Typical,PConc,Typical,No,ALQ,1,Unf,0,722,1122,GasA,Excellent,Y,SBrkr,946,988,1934,1,0,2,1,3,1,6,Typ,1,Attchd,Unf,2,567,Typical,Partial_Pavement,0,176,0,0,200,0,No_Pool,No_Fence,,0,7,2009,WD ,Normal,213903.7,-93.623975,42.056796
Two_Story_1946_and_Newer,Residential_Low_Density,94,13005,Pave,No_Alley_Access,Slightly_Irregular,Lvl,AllPub,Corner,Gtl,Northwest_Ames,Norm,Norm,OneFam,Two_Story,Good,1980,1980,Gable,CompShg,CemntBd,CmentBd,BrkFace,278,Typical,CBlock,Typical,No,GLQ,3,Unf,0,153,845,GasA,Typical,Y,SBrkr,1153,1200,2353,1,0,2,1,4,1,10,Typ,1,Attchd,RFn,2,484,Typical,Paved,288,195,0,0,0,0,No_Pool,Good_Privacy,,0,8,2009,WD ,Normal,237188.47,-93.637343,42.053532
One_Story_1946_and_Newer_All_Styles,Residential_Low_Density,48,17043,Pave,No_Alley_Access,Slightly_Irregular,Lvl,AllPub,CulDSac,Gtl,Northwest_Ames,Norm,Norm,OneFam,One_Story,Average,1979,1998,Gable,CompShg,HdBoard,HdBoard,,0,Good,CBlock,Fair,No,Unf,7,Unf,0,1362,1362,GasA,Typical,Y,SBrkr,1586,0,1586,0,0,2,0,3,1,7,Typ,1,Attchd,Unf,2,435,Typical,Paved,192,0,0,0,0,0,No_Pool,No_Fence,,0,1,2009,WD ,Normal,171254.67,-93.636512,42.055408
One_Story_1946_and_Newer_All_Styles,Residential_Low_Density,85,11900,Pave,No_Alley_Access,Regular,Lvl,AllPub,Inside,Gtl,Northwest_Ames,Norm,Norm,OneFam,One_Story,Average,1977,1977,Hip,CompShg,Plywood,Plywood,BrkFace,209,Good,CBlock,Typical,No,ALQ,1,Unf,0,564,1386,GasA,Typical,Y,SBrkr,1411,0,1411,0,0,2,0,3,1,6,Typ,1,Attchd,Fin,2,544,Typical,Paved,192,0,0,0,0,0,No_Pool,No_Fence,,0,4,2009,WD ,Family,171520.44,-93.635056,42.055081
One_Story_1946_and_Newer_All_Styles,Residential_Low_Density,0,16635,Pave,No_Alley_Access,Slightly_Irregular,Lvl,AllPub,FR2,Gtl,Northwest_Ames,Norm,Norm,OneFam,One_Story,Good,1977,2000,Gable,CompShg,CemntBd,CmentBd,Stone,126,Typical,CBlock,Typical,No,ALQ,1,Unf,0,356,1602,GasA,Good,Y,SBrkr,1602,0,1602,0,1,2,0,3,1,8,Typ,1,Attchd,Fin,2,529,Typical,Paved,240,0,0,0,0,0,No_Pool,No_Fence,,0,6,2009,WD ,Normal,218251.81,-93.632417,42.055572
Two_Story_1946_and_Newer,Residential_Low_Density,0,13250,Pave,No_Alley_Access,Slightly_Irregular,Lvl,AllPub,Inside,Gtl,Northwest_Ames,RRNn,Norm,OneFam,Two_Story,Above_Average,1978,1978,Gable,CompShg,HdBoard,HdBoard,BrkFace,256,Typical,CBlock,Typical,No,Unf,7,Unf,0,832,832,GasA,Typical,Y,SBrkr,1154,896,2050,0,0,2,1,4,1,8,Typ,1,Attchd,RFn,2,529,Typical,Paved,192,192,0,0,0,0,No_Pool,No_Fence,,0,5,2009,WD ,Abnorml,182866.31,-93.637774,42.05184
One_Story_1946_and_Newer_All_Styles,Residential_Low_Density,80,10928,Pave,No_Alley_Access,Regular,Lvl,AllPub,Inside,Gtl,Northwest_Ames,Norm,Norm,OneFam,One_Story,Above_Average,1978,1986,Gable,CompShg,VinylSd,VinylSd,BrkFace,101,Typical,PConc,Typical,No,LwQ,4,Unf,0,1064,1427,GasA,Typical,Y,SBrkr,1671,0,1671,0,0,2,0,3,1,7,Typ,1,Attchd,RFn,2,484,Typical,Paved,252,55,0,0,0,0,No_Pool,No_Fence,,0,8,2009,WD ,Normal,189464.52,-93.63745,42.052507
Two_Story_1946_and_Newer,Residential_Low_Density,0,12388,Pave,No_Alley_Access,Slightly_Irregular,Lvl,AllPub,Inside,Gtl,Northwest_Ames,Norm,Norm,OneFam,Two_Story,Good,1980,1991,Gable,CompShg,Plywood,Plywood,BrkFace,229,Typical,CBlock,Typical,No,ALQ,1,Unf,0,441,1043,GasA,Typical,Y,SBrkr,1539,1134,2673,0,0,2,1,4,1,9,Typ,1,BuiltIn,RFn,2,441,Typical,Paved,178,84,0,0,0,0,No_Pool,No_Fence,,0,8,2009,WD ,Normal,248493.22,-93.638366,42.052102
Split_or_Multilevel,Residential_Low_Density,0,14115,Pave,No_Alley_Access,Regular,Lvl,AllPub,Inside,Gtl,Northwest_Ames,Norm,Norm,OneFam,SLvl,Average,1980,1980,Gable,CompShg,Plywood,Plywood,BrkFace,225,Typical,CBlock,Typical,Av,GLQ,3,Unf,0,336,1372,GasA,Typical,Y,SBrkr,1472,0,1472,1,0,2,0,3,1,6,Typ,2,Attchd,Unf,2,588,Typical,Paved,233,48,0,0,0,0,No_Pool,No_Fence,,0,6,2009,WD ,Normal,199883.48,-93.634212,42.052719
One_Story_1946_and_Newer_All_Styles,Residential_Low_Density,80,11088,Pave,No_Alley_Access,Regular,Lvl,AllPub,Inside,Gtl,Northwest_Ames,Norm,Norm,OneFam,One_Story,Average,1978,1998,Gable,CompShg,HdBoard,HdBoard,BrkFace,144,Typical,PConc,Typical,No,ALQ,1,Unf,0,308,1140,GasA,Good,Y,SBrkr,1707,0,1707,0,0,2,0,3,1,7,Typ,1,Attchd,Fin,2,479,Typical,Paved,0,0,0,0,0,0,No_Pool,No_Fence,,0,5,2009,WD ,Normal,184766.92,-93.637043,42.05288
One_Story_1946_and_Newer_All_Styles,Residential_Low_Density,80,9600,Pave,No_Alley_Access,Regular,Lvl,AllPub,Inside,Gtl,Northwest_Ames,PosN,Norm,OneFam,One_Story,Average,1981,1981,Hip,WdShngl,BrkFace,BrkFace,,0,Typical,PConc,Typical,No,ALQ,1,Unf,0,1420,2524,GasA,Typical,Y,SBrkr,2524,0,2524,1,0,2,1,4,1,9,Typ,1,Attchd,Fin,2,542,Typical,Paved,474,120,0,0,0,0,No_Pool,Minimum_Privacy,,0,7,2009,WD ,Normal,269811.03,-93.633796,42.052915
One_Story_1946_and_Newer_All_Styles,Residential_Low_Density,82,11880,Pave,No_Alley_Access,Slightly_Irregular,Lvl,AllPub,Inside,Gtl,Northwest_Ames,RRAn,Norm,OneFam,One_Story,Average,1978,1978,Gable,CompShg,Plywood,Plywood,BrkFace,206,Typical,CBlock,Typical,No,ALQ,1,Unf,0,567,1271,GasA,Typical,Y,SBrkr,1601,0,1601,0,0,2,0,3,1,7,Typ,1,Attchd,RFn,2,478,Typical,Paved,0,0,0,0,0,0,No_Pool,No_Fence,,0,4,2009,COD,Abnorml,161556.08,-93.637289,42.050345
One_Story_1946_and_Newer_All_Styles,Residential_Low_Density,80,10400,Pave,No_Alley_Access,Regular,Lvl,AllPub,Inside,Gtl,Northwest_Ames,Norm,Norm,OneFam,One_Story,Average,1976,1976,Gable,CompShg,HdBoard,HdBoard,BrkFace,189,Typical,CBlock,Typical,No,Unf,7,Unf,0,1090,1090,GasA,Typical,Y,SBrkr,1370,0,1370,0,0,2,0,3,1,6,Typ,1,Attchd,RFn,2,479,Typical,Paved,0,0,0,0,0,0,No_Pool,Minimum_Privacy,,0,6,2009,WD ,Family,147006.53,-93.634694,42.0496539
Two_Story_1946_and_Newer,Residential_Low_Density,0,10304,Pave,No_Alley_Access,Slightly_Irregular,Lvl,AllPub,CulDSac,Gtl,Northwest_Ames,PosN,Norm,OneFam,Two_Story,Good,1976,1976,Gable,CompShg,Plywood,Plywood,BrkFace,44,Good,CBlock,Typical,No,ALQ,1,Unf,0,399,780,GasA,Excellent,Y,SBrkr,1088,780,1868,1,0,2,1,4,1,9,Typ,1,Attchd,Unf,2,484,Typical,Paved,448,96,0,0,0,0,No_Pool,No_Fence,,0,10,2009,WD ,Normal,195662.88,-93.635919,42.049394
Two_Story_1946_and_Newer,Floating_Village_Residential,70,7000,Pave,No_Alley_Access,Regular,Lvl,AllPub,Inside,Gtl,Somerset,Norm,Norm,OneFam,Two_Story,Average,2003,2003,Gable,CompShg,CemntBd,CmentBd,,0,Typical,PConc,Typical,Mn,GLQ,3,Unf,0,304,926,GasA,Excellent,Y,SBrkr,1016,868,1884,1,0,2,1,3,1,7,Typ,1,Attchd,RFn,2,581,Typical,Paved,0,35,0,0,0,0,No_Pool,No_Fence,,0,6,2009,WD ,Normal,242035.75,-93.639516,42.049106
Two_Story_1946_and_Newer,Floating_Village_Residential,75,8004,Pave,No_Alley_Access,Slightly_Irregular,Lvl,AllPub,Inside,Gtl,Somerset,RRAn,Norm,OneFam,Two_Story,Average,2009,2009,Gable,CompShg,VinylSd,VinylSd,Stone,110,Typical,PConc,Typical,No,GLQ,3,Unf,0,288,832,GasA,Excellent,Y,SBrkr,832,1103,1935,1,0,2,1,3,1,8,Typ,0,BuiltIn,Fin,2,552,Typical,Paved,0,150,0,0,0,0,No_Pool,No_Fence,,0,12,2009,New,Partial,251716.05,-93.639511,42.051619
Two_Story_1946_and_Newer,Floating_Village_Residential,0,7500,Pave,No_Alley_Access,Regular,Lvl,AllPub,Inside,Gtl,Somerset,RRNn,Norm,OneFam,Two_Story,Average,2000,2001,Gable,CompShg,VinylSd,VinylSd,,0,Typical,PConc,Typical,No,Unf,7,Unf,0,1058,1058,GasA,Excellent,Y,SBrkr,1058,816,1874,0,0,2,1,3,1,7,Typ,1,Attchd,Fin,2,588,Typical,Paved,0,134,0,0,0,0,No_Pool,No_Fence,,0,3,2009,WD ,Normal,217131.36,-93.6392308,42.0503771
Two_Story_1946_and_Newer,Floating_Village_Residential,0,8470,Pave,No_Alley_Access,Regular,Lvl,AllPub,Corner,Gtl,Somerset,Norm,Norm,OneFam,Two_Story,Average,2002,2002,Gable,CompShg,VinylSd,VinylSd,,0,Typical,PConc,Typical,No,GLQ,3,ALQ,276,471,972,GasA,Excellent,Y,SBrkr,972,839,1811,0,0,2,1,3,1,7,Typ,1,Attchd,RFn,2,565,Typical,Paved,225,48,0,0,0,0,No_Pool,No_Fence,,0,10,2009,WD ,Normal,221627.06,-93.639366,42.049406
One_Story_1946_and_Newer_All_Styles,Residential_Low_Density,0,9373,Pave,No_Alley_Access,Slightly_Irregular,Lvl,AllPub,CulDSac,Gtl,Northwest_Ames,PosN,Norm,OneFam,One_Story,Good,1975,1975,Gable,CompShg,HdBoard,HdBoard,BrkFace,161,Typical,CBlock,Typical,Av,ALQ,1,LwQ,168,120,1621,GasA,Typical,Y,SBrkr,1621,0,1621,1,0,2,0,3,1,7,Typ,2,Attchd,RFn,2,478,Typical,Paved,0,0,0,0,490,0,No_Pool,No_Fence,,0,6,2009,WD ,Normal,207656.17,-93.632915,42.053166
One_Story_1946_and_Newer_All_Styles,Residential_Low_Density,78,10140,Pave,No_Alley_Access,Regular,Lvl,AllPub,Inside,Gtl,Northwest_Ames,Norm,Norm,OneFam,One_Story,Above_Average,1974,1974,Hip,CompShg,Plywood,Plywood,BrkFace,196,Typical,CBlock,Typical,No,ALQ,1,Unf,0,228,1116,GasA,Excellent,Y,SBrkr,1116,0,1116,1,0,2,0,3,1,6,Typ,1,Attchd,RFn,2,528,Typical,Paved,0,0,0,0,0,0,No_Pool,Good_Wood,,0,4,2009,WD ,Normal,157694.16,-93.632178,42.052355
One_Story_1946_and_Newer_All_Styles,Residential_Low_Density,85,11050,Pave,No_Alley_Access,Slightly_Irregular,Lvl,AllPub,Corner,Gtl,Northwest_Ames,Norm,Norm,OneFam,One_Story,Average,1975,1975,Gable,CompShg,Plywood,Plywood,,0,Typical,CBlock,Typical,No,ALQ,1,Unf,0,540,1176,GasA,Fair,Y,SBrkr,1193,0,1193,0,0,2,0,3,1,5,Typ,1,Attchd,Unf,2,506,Typical,Paved,40,0,0,0,0,0,No_Pool,No_Fence,,0,8,2009,WD ,Normal,150118.88,-93.630253,42.052448
One_Story_1946_and_Newer_All_Styles,Residential_Low_Density,78,10140,Pave,No_Alley_Access,Regular,Lvl,AllPub,Inside,Gtl,Northwest_Ames,Norm,Norm,OneFam,One_Story,Average,1974,1974,Hip,CompShg,HdBoard,HdBoard,BrkFace,174,Typical,CBlock,Typical,No,Unf,7,Unf,0,1064,1064,GasA,Typical,Y,SBrkr,1350,0,1350,0,0,2,0,3,1,7,Typ,1,Attchd,RFn,2,478,Typical,Paved,0,0,0,0,0,0,No_Pool,Minimum_Privacy,,0,8,2009,WD ,Normal,148434.75,-93.631432,42.05267
Split_or_Multilevel,Residential_Low_Density,0,10448,Pave,No_Alley_Access,Slightly_Irregular,Lvl,AllPub,Corner,Gtl,Northwest_Ames,Norm,Norm,OneFam,SLvl,Above_Average,1972,1972,Gable,CompShg,HdBoard,HdBoard,BrkFace,333,Typical,CBlock,Typical,No,Unf,7,Unf,0,689,689,GasA,Typical,Y,SBrkr,1378,741,2119,0,0,2,1,3,1,7,Typ,1,Attchd,RFn,2,583,Typical,Paved,0,104,0,0,0,0,No_Pool,Good_Privacy,,0,8,2009,COD,Abnorml,177996.23,-93.631791,42.04891
Duplex_All_Styles_and_Ages,Residential_Low_Density,60,9000,Pave,No_Alley_Access,Regular,Lvl,AllPub,FR2,Gtl,North_Ames,Norm,Norm,Duplex,Two_Story,Average,1974,1974,Gable,CompShg,VinylSd,VinylSd,,0,Typical,CBlock,Typical,No,Unf,7,Unf,0,896,896,GasA,Typical,Y,SBrkr,896,896,1792,0,0,2,2,4,2,8,Typ,0,No_Garage,No_Garage,0,0,No_Garage,Paved,32,45,0,0,0,0,No_Pool,No_Fence,,0,9,2009,WD ,Normal,137637.25,-93.625856,42.056398
One_Story_1946_and_Newer_All_Styles,Residential_Low_Density,0,8750,Pave,No_Alley_Access,Slightly_Irregular,Lvl,AllPub,Inside,Gtl,North_Ames,Norm,Norm,OneFam,One_Story,Above_Average,1970,1970,Gable,CompShg,MetalSd,MetalSd,BrkFace,76,Typical,CBlock,Typical,No,BLQ,2,Unf,0,174,1002,GasA,Typical,Y,SBrkr,1002,0,1002,1,0,1,0,3,1,5,Typ,0,Detchd,Unf,2,902,Typical,Paved,0,0,0,0,0,0,No_Pool,Minimum_Privacy,,0,8,2009,WD ,Normal,136056.16,-93.626554,42.054626
One_Story_1946_and_Newer_All_Styles,Residential_Low_Density,61,7930,Pave,No_Alley_Access,Regular,Lvl,AllPub,Inside,Gtl,North_Ames,Norm,Norm,OneFam,One_Story,Very_Good,1969,2005,Gable,CompShg,Plywood,Plywood,,0,Typical,CBlock,Typical,No,GLQ,3,LwQ,472,115,1026,GasA,Good,Y,SBrkr,1026,0,1026,1,0,1,0,3,1,5,Typ,0,Detchd,RFn,2,440,Typical,Paved,171,48,0,0,0,0,No_Pool,No_Fence,,0,7,2009,WD ,Normal,145381.31,-93.628707,42.055228
One_Story_1946_and_Newer_All_Styles,Residential_Low_Density,0,7830,Pave,No_Alley_Access,Slightly_Irregular,Lvl,AllPub,Inside,Gtl,North_Ames,Norm,Norm,OneFam,One_Story,Average,1970,1970,Gable,CompShg,HdBoard,HdBoard,,0,Typical,CBlock,Typical,No,Unf,7,Unf,0,1180,1180,GasA,Typical,Y,SBrkr,1180,0,1180,0,0,1,1,2,1,6,Typ,0,Attchd,RFn,2,477,Typical,Paved,0,45,0,0,0,0,No_Pool,No_Fence,,0,3,2009,COD,Normal,132684.42,-93.626603,42.055184
One_Story_1946_and_Newer_All_Styles,Residential_Low_Density,0,8510,Pave,No_Alley_Access,Slightly_Irregular,Lvl,AllPub,Inside,Gtl,North_Ames,Norm,Norm,OneFam,One_Story,Good,1971,1971,Gable,CompShg,Plywood,Plywood,BrkFace,178,Typical,CBlock,Typical,No,ALQ,1,Unf,0,543,1043,GasA,Excellent,Y,SBrkr,1050,0,1050,1,0,1,1,3,1,6,Typ,0,Attchd,Unf,1,336,Typical,Paved,0,0,0,0,0,0,No_Pool,No_Fence,,0,7,2009,WD ,Normal,140043.86,-93.62655,42.055154
One_Story_1946_and_Newer_All_Styles,Residential_Low_Density,60,7038,Pave,No_Alley_Access,Regular,Lvl,AllPub,Inside,Gtl,North_Ames,Norm,Norm,OneFam,One_Story,Above_Average,1970,1970,Gable,CompShg,VinylSd,VinylSd,,0,Typical,CBlock,Typical,No,ALQ,1,Unf,0,138,864,GasA,Typical,Y,SBrkr,864,0,864,1,0,1,0,3,1,5,Typ,0,Detchd,Unf,2,576,Typical,Paved,210,0,0,0,0,0,No_Pool,Good_Privacy,,0,9,2009,WD ,Abnorml,119192.47,-93.627037,42.05337
